{
    "d": {
        "CreationDate": "/Date(1472774400000)/",
        "CreatedByUser": "CB9980000027",
        "DistributionChannel": "10",
        "OverallSDProcessStatus": "20",
        "OverallTotalDeliveryStatus": "B",
        "SalesDistrict": " ",
        "SoldToParty": "17100001",
        "TotalNetAmount": "353.50",
        "TransactionCurrency": "USD",
        "SalesOrderType": "OR",
        "CustomerPurchaseOrderDate": "/Date(1472774400000)/",
        "OverallSDDocumentRejectionSts": "A",
        "ShippingCondition": "01",
        "IncotermsTransferLocation": "Palo Alto",
        "IncotermsVersion": " ",
        "SalesOrderDate": "/Date(1472774400000)/",
        "HeaderBillingBlockReason": " ",
        "SalesGroup": " ",
        "SalesOrder": "2",
        "ShippingType": " ",
        "IncotermsLocation2": " ",
        "DeliveryBlockReason": " ",
        "IncotermsLocation1": "Palo Alto",
        "AssignmentReference": " ",
        "OrganizationDivision": "00",
        "PurchaseOrderByCustomer": "John::Fisher::jfisher@acme.com",
        "SalesOrganization": "1710",
		"IncotermsClassification": "123",
        "SalesOffice": " ",
        "TotalCreditCheckStatus": " ",
        "CustomerPurchaseOrderType": "123",
        "PricingDate": "/Date(1472774400000)/",
        "CustomerPaymentTerms": "0004",
        "LastChangeDate": "/Date(1472774400000)/",
        "SDDocumentReason": " ",
        "RequestedDeliveryDate": "/Date(1472774400000)/",
        "PaymentMethod": " ",
        "LastChangeDateTime": "/Date(1472774400000)/"
    }
}
